"effective_date","publishing_date","version","category","is_latest_release","modification_date","url","filename","filetype","content_length","content_type","last_modified"
"14.11.2018","","1","EAS code list","false","2021-12-13 17:40:11.675","https://ec.europa.eu/digital-building-blocks/sites/download/attachments/467108974/Electronic%20Address%20Scheme%20Code%20list%20-%20version%201%20-%20November%202018%20%283%29.xlsx?version=1&modificationDate=1639417211675&api=v2","Electronic%20Address%20Scheme%20Code%20list%20-%20version%201%20-%20November%202018%20%283%29.xlsx","XLSX","15265","application/vnd.openxmlformats-officedocument.spreadsheetml.sheet;charset=UTF-8","1970-01-19 23:23:37"
"15.03.2019","","2","EAS code list","false","2021-12-13 17:40:11.691","https://ec.europa.eu/digital-building-blocks/sites/download/attachments/467108974/Electronic%20Address%20Scheme%20Code%20list%20-%20version%202%20-%20published%2015%2003%202019%20%285%29.xlsx?version=1&modificationDate=1639417211691&api=v2","Electronic%20Address%20Scheme%20Code%20list%20-%20version%202%20-%20published%2015%2003%202019%20%285%29.xlsx","XLSX","16576","application/vnd.openxmlformats-officedocument.spreadsheetml.sheet;charset=UTF-8","1970-01-19 23:23:37"
"15.03.2019","","1","EN 16931 code list - XLSX","false","2021-12-13 17:40:11.596","https://ec.europa.eu/digital-building-blocks/sites/download/attachments/467108974/EN16931%20code%20lists%20%281%29%20%281%29.xlsx?version=1&modificationDate=1639417211596&api=v2","EN16931%20code%20lists%20%281%29%20%281%29.xlsx","XLSX","173421","application/vnd.openxmlformats-officedocument.spreadsheetml.sheet;charset=UTF-8","1970-01-19 23:23:37"
"15.03.2019","","1","Tax Exemption Reason","false","2021-12-13 17:40:11.648","https://ec.europa.eu/digital-building-blocks/sites/download/attachments/467108974/Tax%20Exemption%20Reason%20Code%20list%20-%20verion%201%20-%20published%2015%2003%202019%20%283%29.xlsx?version=1&modificationDate=1639417211648&api=v2","Tax%20Exemption%20Reason%20Code%20list%20-%20verion%201%20-%20published%2015%2003%202019%20%283%29.xlsx","XLSX","20282","application/vnd.openxmlformats-officedocument.spreadsheetml.sheet;charset=UTF-8","1970-01-19 23:23:37"
"14.05.2019","","1.2.1","validation-artefacts-CII","false","2021-12-13 17:40:11.479","https://ec.europa.eu/digital-building-blocks/sites/download/attachments/467108974/en16931-cii-1.2.1%20%281%29.zip?version=1&modificationDate=1639417211479&api=v2","en16931-cii-1.2.1%20%281%29.zip","ZIP","141926","application/zip;charset=UTF-8","1970-01-19 23:23:37"
"14.05.2019","","1.2.1","validation-artefacts-UBL","false","2021-12-13 17:40:11.496","https://ec.europa.eu/digital-building-blocks/sites/download/attachments/467108974/en16931-ubl-1.2.1.zip?version=1&modificationDate=1639417211496&api=v2","en16931-ubl-1.2.1.zip","ZIP","150351","application/zip;charset=UTF-8","1970-01-19 23:23:37"
"17.06.2019","","3","EAS code list","false","2021-12-13 17:40:11.706","https://ec.europa.eu/digital-building-blocks/sites/download/attachments/467108974/Electronic%20Address%20Scheme%20Code%20list%20-%20version%203%20-%20published%202019-06-15%20%284%29.xlsx?version=1&modificationDate=1639417211706&api=v2","Electronic%20Address%20Scheme%20Code%20list%20-%20version%203%20-%20published%202019-06-15%20%284%29.xlsx","XLSX","16751","application/vnd.openxmlformats-officedocument.spreadsheetml.sheet;charset=UTF-8","1970-01-19 23:23:37"
"17.06.2019","","2","EN 16931 code list - XLSX","false","2021-12-13 17:40:11.613","https://ec.europa.eu/digital-building-blocks/sites/download/attachments/467108974/EN16931%20code%20lists%20values%20used%20from%202019-06-15%20%283%29.xlsx?version=1&modificationDate=1639417211613&api=v2","EN16931%20code%20lists%20values%20used%20from%202019-06-15%20%283%29.xlsx","XLSX","174469","application/vnd.openxmlformats-officedocument.spreadsheetml.sheet;charset=UTF-8","1970-01-19 23:23:37"
"05.07.2019","","1.2.3","validation-artefacts-CII","false","2021-12-13 17:40:11.518","https://ec.europa.eu/digital-building-blocks/sites/download/attachments/467108974/en16931-cii-1.2.3.zip?version=1&modificationDate=1639417211518&api=v2","en16931-cii-1.2.3.zip","ZIP","141996","application/zip;charset=UTF-8","1970-01-19 23:23:37"
"05.07.2019","","1.2.3","validation-artefacts-UBL","false","2021-12-13 17:40:11.538","https://ec.europa.eu/digital-building-blocks/sites/download/attachments/467108974/en16931-ubl-1.2.3%20%281%29.zip?version=1&modificationDate=1639417211538&api=v2","en16931-ubl-1.2.3%20%281%29.zip","ZIP","150579","application/zip;charset=UTF-8","1970-01-19 23:23:37"
"15.11.2019","07.10.2019","4","EAS code list","false","2021-12-13 17:40:11.752","https://ec.europa.eu/digital-building-blocks/sites/download/attachments/467108974/Electronic%20Address%20Scheme%20Code%20list%20-%20version%204%20-%20published.xlsx?version=1&modificationDate=1639417211752&api=v2","Electronic%20Address%20Scheme%20Code%20list%20-%20version%204%20-%20published.xlsx","XLSX","17045","application/vnd.openxmlformats-officedocument.spreadsheetml.sheet;charset=UTF-8","1970-01-19 23:23:37"
"15.11.2019","07.10.2019","3","EN 16931 code list - XLSX","false","2021-12-13 17:40:11.632","https://ec.europa.eu/digital-building-blocks/sites/download/attachments/467108974/EN16931%20code%20lists%20values%20used%20from%202019-11-15.xlsx?version=1&modificationDate=1639417211632&api=v2","EN16931%20code%20lists%20values%20used%20from%202019-11-15.xlsx","XLSX","174247","application/vnd.openxmlformats-officedocument.spreadsheetml.sheet;charset=UTF-8","1970-01-19 23:23:37"
"15.11.2019","07.10.2019","2","VATEX code list","false","2021-12-13 17:40:11.661","https://ec.europa.eu/digital-building-blocks/sites/download/attachments/467108974/VAT%20Exemption%20Reason%20Code%20list%20VATEX%20-%20verion%202%20-published.xlsx?version=1&modificationDate=1639417211661&api=v2","VAT%20Exemption%20Reason%20Code%20list%20VATEX%20-%20verion%202%20-published.xlsx","XLSX","20791","application/vnd.openxmlformats-officedocument.spreadsheetml.sheet;charset=UTF-8","1970-01-19 23:23:37"
"15.11.2019","05.10.2019","1.3.0","validation-artefacts-CII","false","2021-12-13 17:40:11.559","https://ec.europa.eu/digital-building-blocks/sites/download/attachments/467108974/en16931-cii-1.3.0.zip?version=1&modificationDate=1639417211559&api=v2","en16931-cii-1.3.0.zip","ZIP","141245","application/zip;charset=UTF-8","1970-01-19 23:23:37"
"15.11.2019","05.10.2019","1.3.0","validation-artefacts-UBL","false","2021-12-13 17:40:11.579","https://ec.europa.eu/digital-building-blocks/sites/download/attachments/467108974/en16931-ubl-1.3.0.zip?version=1&modificationDate=1639417211579&api=v2","en16931-ubl-1.3.0.zip","ZIP","157678","application/zip;charset=UTF-8","1970-01-19 23:23:37"
"15.05.2020","17.02.2020","5","EAS code list","false","2021-12-13 17:40:11.464","https://ec.europa.eu/digital-building-blocks/sites/download/attachments/467108974/Electronic%20Address%20Scheme%20Code%20list%20-%20version%205%20-%20published.xlsx?version=1&modificationDate=1639417211464&api=v2","Electronic%20Address%20Scheme%20Code%20list%20-%20version%205%20-%20published.xlsx","XLSX","17105","application/vnd.openxmlformats-officedocument.spreadsheetml.sheet;charset=UTF-8","1970-01-19 23:23:37"
"15.05.2020","17.02.2020","4","EN 16931 code list - XLSX","false","2021-12-13 17:40:11.426","https://ec.europa.eu/digital-building-blocks/sites/download/attachments/467108974/EN16931%20code%20lists%20values%20used%20from%202020-02-14.xlsx?version=1&modificationDate=1639417211426&api=v2","EN16931%20code%20lists%20values%20used%20from%202020-02-14.xlsx","XLSX","174894","application/vnd.openxmlformats-officedocument.spreadsheetml.sheet;charset=UTF-8","1970-01-19 23:23:37"
"15.05.2020","17.02.2020","3","VATEX code list","false","2021-12-13 17:40:11.445","https://ec.europa.eu/digital-building-blocks/sites/download/attachments/467108974/VAT%20Exemption%20Reason%20Code%20list%20VATEX%20-%20version%203%20-published.xlsx?version=1&modificationDate=1639417211445&api=v2","VAT%20Exemption%20Reason%20Code%20list%20VATEX%20-%20version%203%20-published.xlsx","XLSX","20833","application/vnd.openxmlformats-officedocument.spreadsheetml.sheet;charset=UTF-8","1970-01-19 23:23:37"
"15.05.2020","28.02.2020","1.3.1","validation-artefacts-CII","false","2021-12-13 17:40:11.391","https://ec.europa.eu/digital-building-blocks/sites/download/attachments/467108974/en16931-cii-1.3.1.zip?version=1&modificationDate=1639417211391&api=v2","en16931-cii-1.3.1.zip","ZIP","137376","application/zip;charset=UTF-8","1970-01-19 23:23:37"
"15.05.2020","28.02.2020","1.3.1","validation-artefacts-UBL","false","2021-12-13 17:40:11.407","https://ec.europa.eu/digital-building-blocks/sites/download/attachments/467108974/en16931-ubl-1.3.1.zip?version=1&modificationDate=1639417211407&api=v2","en16931-ubl-1.3.1.zip","ZIP","158558","application/zip;charset=UTF-8","1970-01-19 23:23:37"
"30.06.2020","26.05.2020","6","EAS code list","false","2021-12-13 17:40:11.377","https://ec.europa.eu/digital-building-blocks/sites/download/attachments/467108974/Electronic%20Address%20Scheme%20Code%20list%20-%20version%206.xlsx?version=1&modificationDate=1639417211377&api=v2","Electronic%20Address%20Scheme%20Code%20list%20-%20version%206.xlsx","XLSX","16710","application/vnd.openxmlformats-officedocument.spreadsheetml.sheet;charset=UTF-8","1970-01-19 23:23:37"
"30.06.2020","26.05.2020","5","EN 16931 code list - XLSX","false","2021-12-13 17:40:11.361","https://ec.europa.eu/digital-building-blocks/sites/download/attachments/467108974/EN16931%20code%20lists%20values%20used%20from%202020-06-30.xlsx?version=1&modificationDate=1639417211361&api=v2","EN16931%20code%20lists%20values%20used%20from%202020-06-30.xlsx","XLSX","177389","application/vnd.openxmlformats-officedocument.spreadsheetml.sheet;charset=UTF-8","1970-01-19 23:23:37"
"30.06.2020","26.05.2020","1.3.2","validation-artefacts-CII","false","2021-12-13 17:40:11.330","https://ec.europa.eu/digital-building-blocks/sites/download/attachments/467108974/en16931-cii-1.3.2.zip?version=1&modificationDate=1639417211330&api=v2","en16931-cii-1.3.2.zip","ZIP","142553","application/zip;charset=UTF-8","1970-01-19 23:23:37"
"30.06.2020","26.05.2020","1.3.2","validation-artefacts-UBL","false","2021-12-13 17:40:11.345","https://ec.europa.eu/digital-building-blocks/sites/download/attachments/467108974/en16931-ubl-1.3.2.zip?version=1&modificationDate=1639417211345&api=v2","en16931-ubl-1.3.2.zip","ZIP","158598","application/zip;charset=UTF-8","1970-01-19 23:23:37"
"15.11.2020","02.10.2020","1.3.3","validation-artefacts-CII","false","2021-12-13 17:40:11.256","https://ec.europa.eu/digital-building-blocks/sites/download/attachments/467108974/en16931-cii-1.3.3.zip?version=1&modificationDate=1639417211256&api=v2","en16931-cii-1.3.3.zip","ZIP","130968","application/zip;charset=UTF-8","1970-01-19 23:23:37"
"15.11.2020","02.10.2020","1.3.3","validation-artefacts-UBL","false","2021-12-13 17:40:11.240","https://ec.europa.eu/digital-building-blocks/sites/download/attachments/467108974/en16931-ubl-1.3.3.zip?version=1&modificationDate=1639417211240&api=v2","en16931-ubl-1.3.3.zip","ZIP","159285","application/zip;charset=UTF-8","1970-01-19 23:23:37"
"16.11.2020","04.09.2020","7","EAS code list","false","2021-12-13 17:40:11.318","https://ec.europa.eu/digital-building-blocks/sites/download/attachments/467108974/Electronic%20Address%20Scheme%20Code%20list%20-%20version%207%20-%20published.xlsx?version=1&modificationDate=1639417211318&api=v2","Electronic%20Address%20Scheme%20Code%20list%20-%20version%207%20-%20published.xlsx","XLSX","16549","application/vnd.openxmlformats-officedocument.spreadsheetml.sheet;charset=UTF-8","1970-01-19 23:23:37"
"16.11.2020","15.09.2020","6","EN 16931 code list - XLSX","false","2021-12-13 17:40:11.272","https://ec.europa.eu/digital-building-blocks/sites/download/attachments/467108974/EN16931%20code%20lists%20values%20-%20updated%20-%20used%20from%202020-11-15.xlsx?version=1&modificationDate=1639417211272&api=v2","EN16931%20code%20lists%20values%20-%20updated%20-%20used%20from%202020-11-15.xlsx","XLSX","177585","application/vnd.openxmlformats-officedocument.spreadsheetml.sheet;charset=UTF-8","1970-01-19 23:23:37"
"16.11.2020","04.09.2020","6","EN 16931 code list - XLSX","false","2021-12-13 17:40:11.300","https://ec.europa.eu/digital-building-blocks/sites/download/attachments/467108974/EN16931%20code%20lists%20values%20used%20from%202020-11-15.xlsx?version=1&modificationDate=1639417211300&api=v2","EN16931%20code%20lists%20values%20used%20from%202020-11-15.xlsx","XLSX","177282","application/vnd.openxmlformats-officedocument.spreadsheetml.sheet;charset=UTF-8","1970-01-19 23:23:37"
"16.11.2020","15.09.2020","4","VATEX code list","false","2021-12-13 17:40:11.288","https://ec.europa.eu/digital-building-blocks/sites/download/attachments/467108974/VAT%20Exemption%20Reason%20Code%20list%20VATEX%20-%20version%204%20-published.xlsx?version=1&modificationDate=1639417211288&api=v2","VAT%20Exemption%20Reason%20Code%20list%20VATEX%20-%20version%204%20-published.xlsx","XLSX","21031","application/vnd.openxmlformats-officedocument.spreadsheetml.sheet;charset=UTF-8","1970-01-19 23:23:37"
"01.02.2021","01.02.2021","1.3.4","validation-artefacts-CII","false","2021-12-13 17:40:11.147","https://ec.europa.eu/digital-building-blocks/sites/download/attachments/467108974/en16931-cii-1.3.4.zip?version=1&modificationDate=1639417211147&api=v2","en16931-cii-1.3.4.zip","ZIP","135557","application/zip;charset=UTF-8","1970-01-19 23:23:37"
"01.02.2021","01.02.2021","1.3.4","validation-artefacts-UBL","false","2021-12-13 17:40:11.162","https://ec.europa.eu/digital-building-blocks/sites/download/attachments/467108974/en16931-ubl-1.3.4.zip?version=1&modificationDate=1639417211162&api=v2","en16931-ubl-1.3.4.zip","ZIP","2670130","application/zip;charset=UTF-8","1970-01-19 23:23:37"
"17.05.2021","05.03.2021","8","EAS code list","false","2021-12-13 17:40:11.047","https://ec.europa.eu/digital-building-blocks/sites/download/attachments/467108974/Electronic%20Address%20Scheme%20Code%20list%20-%20version%208%20-%20published%20March2021.xlsx?version=1&modificationDate=1639417211047&api=v2","Electronic%20Address%20Scheme%20Code%20list%20-%20version%208%20-%20published%20March2021.xlsx","XLSX","17128","application/vnd.openxmlformats-officedocument.spreadsheetml.sheet;charset=UTF-8","1970-01-19 23:23:37"
"17.05.2021","05.03.2021","7","EN 16931 code list - GeneriCode","false","2021-12-13 17:40:11.205","https://ec.europa.eu/digital-building-blocks/sites/download/attachments/467108974/EN16931%20code%20lists%20values%20-%20genericodes%20-used%20from%202021-05-17.zip?version=1&modificationDate=1639417211205&api=v2","EN16931%20code%20lists%20values%20-%20genericodes%20-used%20from%202021-05-17.zip","ZIP","69045","application/zip;charset=UTF-8","1970-01-19 23:23:37"
"17.05.2021","05.03.2021","7","EN 16931 code list - XLSX","false","2021-12-13 17:40:11.224","https://ec.europa.eu/digital-building-blocks/sites/download/attachments/467108974/2EN16931%20code%20lists%20values%20-%20used%20from%202021-05-17.xlsx?version=1&modificationDate=1639417211224&api=v2","2EN16931%20code%20lists%20values%20-%20used%20from%202021-05-17.xlsx","XLSX","178460","application/vnd.openxmlformats-officedocument.spreadsheetml.sheet;charset=UTF-8","1970-01-19 23:23:37"
"17.05.2021","13.04.2021","1.3.5","validation-artefacts-CII","false","2021-12-13 17:40:11.102","https://ec.europa.eu/digital-building-blocks/sites/download/attachments/467108974/en16931-cii-1.3.5.zip?version=1&modificationDate=1639417211102&api=v2","en16931-cii-1.3.5.zip","ZIP","140933","application/zip;charset=UTF-8","1970-01-19 23:23:37"
"17.05.2021","13.04.2021","1.3.5","validation-artefacts-UBL","false","2021-12-13 17:40:11.119","https://ec.europa.eu/digital-building-blocks/sites/download/attachments/467108974/en16931-ubl-1.3.5.zip?version=1&modificationDate=1639417211119&api=v2","en16931-ubl-1.3.5.zip","ZIP","2655442","application/zip;charset=UTF-8","1970-01-19 23:23:37"
"15.06.2021","14.06.2021","1.3.6","validation-artefacts-CII","false","2021-12-13 17:40:11.088","https://ec.europa.eu/digital-building-blocks/sites/download/attachments/467108974/en16931-cii-1.3.6.zip?version=1&modificationDate=1639417211088&api=v2","en16931-cii-1.3.6.zip","ZIP","146697","application/zip;charset=UTF-8","1970-01-19 23:23:37"
"15.06.2021","14.06.2021","1.3.6","validation-artefacts-UBL","false","2021-12-13 17:40:11.066","https://ec.europa.eu/digital-building-blocks/sites/download/attachments/467108974/en16931-ubl-1.3.6.zip?version=1&modificationDate=1639417211066&api=v2","en16931-ubl-1.3.6.zip","ZIP","179145","application/zip;charset=UTF-8","1970-01-19 23:23:37"
"15.11.2021","10.09.2021","8","EN 16931 code list - XLSX","false","2021-12-13 17:40:11.003","https://ec.europa.eu/digital-building-blocks/sites/download/attachments/467108974/EN16931%20code%20lists%20values%20v8%20-%20used%20from%202021-09-06.xlsx?version=1&modificationDate=1639417211003&api=v2","EN16931%20code%20lists%20values%20v8%20-%20used%20from%202021-09-06.xlsx","XLSX","176635","application/vnd.openxmlformats-officedocument.spreadsheetml.sheet;charset=UTF-8","1970-01-19 23:23:37"
"15.11.2021","04.10.2021","1.3.7","validation-artefacts-CII","false","2022-04-08 12:14:13.903","https://ec.europa.eu/digital-building-blocks/sites/download/attachments/467108974/en16931-cii-1.3.7.zip?version=1&modificationDate=1649420053903&api=v2","en16931-cii-1.3.7.zip","ZIP","140422","application/zip;charset=UTF-8","1970-01-20 02:10:20"
"15.11.2021","04.10.2021","1.3.7","validation-artefacts-UBL","false","2022-04-08 12:16:39.180","https://ec.europa.eu/digital-building-blocks/sites/download/attachments/467108974/en16931-ubl-1.3.7.zip?version=1&modificationDate=1649420199180&api=v2","en16931-ubl-1.3.7.zip","ZIP","172368","application/zip;charset=UTF-8","1970-01-20 02:10:20"
"15.05.2022","08.04.2022","1.3.8","validation-artefacts-CII","false","2022-04-08 12:17:35.107","https://ec.europa.eu/digital-building-blocks/sites/download/attachments/467108974/en16931-cii-1.3.8.zip?version=1&modificationDate=1649420255107&api=v2","en16931-cii-1.3.8.zip","ZIP","140965","application/zip;charset=UTF-8","1970-01-20 02:10:20"
"15.05.2022","08.04.2022","1.3.8","validation-artefacts-UBL","false","2022-04-08 12:17:53.634","https://ec.europa.eu/digital-building-blocks/sites/download/attachments/467108974/en16931-ubl-1.3.8.zip?version=1&modificationDate=1649420273634&api=v2","en16931-ubl-1.3.8.zip","ZIP","172795","application/zip;charset=UTF-8","1970-01-20 02:10:20"
"16.05.2022","04.03.2022","9","EAS code list","false","2022-03-04 11:43:21.721","https://ec.europa.eu/digital-building-blocks/sites/download/attachments/467108974/Electronic%20Address%20Scheme%20Code%20list%20-%20version%209%20-%20published%20March2022.xlsx?version=1&modificationDate=1646394201721&api=v2","Electronic%20Address%20Scheme%20Code%20list%20-%20version%209%20-%20published%20March2022.xlsx","XLSX","17423","application/vnd.openxmlformats-officedocument.spreadsheetml.sheet;charset=UTF-8","1970-01-20 01:19:54"
"16.05.2022","04.03.2022","9","EN 16931 code list - GeneriCode","false","2022-03-04 12:45:19.536","https://ec.europa.eu/digital-building-blocks/sites/download/attachments/467108974/cef-genericodes-2022-03-04.zip?version=1&modificationDate=1646397919536&api=v2","cef-genericodes-2022-03-04.zip","ZIP","69660","application/zip;charset=UTF-8","1970-01-20 01:19:57"
"16.05.2022","04.03.2022","9","EN 16931 code list - XLSX","false","2022-03-04 11:45:59.265","https://ec.europa.eu/digital-building-blocks/sites/download/attachments/467108974/EN16931%20code%20lists%20values%20v9%20-%20used%20from%202022-03-04.xlsx?version=1&modificationDate=1646394359265&api=v2","EN16931%20code%20lists%20values%20v9%20-%20used%20from%202022-03-04.xlsx","XLSX","177891","application/vnd.openxmlformats-officedocument.spreadsheetml.sheet;charset=UTF-8","1970-01-20 01:19:54"
"15.11.2022","21.09.2022","10","EAS code list","false","2022-09-21 15:00:30.009","https://ec.europa.eu/digital-building-blocks/sites/download/attachments/467108974/Electronic%20Address%20Scheme%20Code%20list%20-%20version%2010%20-%20published%20Sept2022.xlsx?version=1&modificationDate=1663772430009&api=v2","Electronic%20Address%20Scheme%20Code%20list%20-%20version%2010%20-%20published%20Sept2022.xlsx","XLSX","17504","application/vnd.openxmlformats-officedocument.spreadsheetml.sheet;charset=UTF-8","1970-01-20 06:09:32"
"15.11.2022","21.09.2022","10","EN 16931 code list - GeneriCode","false","2022-10-17 17:25:06.676","https://ec.europa.eu/digital-building-blocks/sites/download/attachments/467108974/cef-genericodes-2022-09-21.zip?version=1&modificationDate=1666027506676&api=v2","cef-genericodes-2022-09-21.zip","ZIP","69522","application/zip;charset=UTF-8","1970-01-20 06:47:07"
"15.11.2022","21.09.2022","10","EN 16931 code list - XLSX","false","2022-09-21 15:02:40.850","https://ec.europa.eu/digital-building-blocks/sites/download/attachments/467108974/EN16931%20code%20lists%20values%20v10%20-%20used%20from%202022-09-21.xlsx?version=1&modificationDate=1663772560850&api=v2","EN16931%20code%20lists%20values%20v10%20-%20used%20from%202022-09-21.xlsx","XLSX","179013","application/vnd.openxmlformats-officedocument.spreadsheetml.sheet;charset=UTF-8","1970-01-20 06:09:32"
"15.11.2022","17.10.2022","1.3.9","validation-artefacts-CII","false","2022-10-17 17:18:58.348","https://ec.europa.eu/digital-building-blocks/sites/download/attachments/467108974/en16931-cii-1.3.9.zip?version=1&modificationDate=1666027138348&api=v2","en16931-cii-1.3.9.zip","ZIP","141062","application/zip;charset=UTF-8","1970-01-20 06:47:07"
"15.11.2022","17.10.2022","1.3.9","validation-artefacts-UBL","false","2022-10-17 17:19:25.892","https://ec.europa.eu/digital-building-blocks/sites/download/attachments/467108974/en16931-ubl-1.3.9.zip?version=1&modificationDate=1666027165892&api=v2","en16931-ubl-1.3.9.zip","ZIP","173749","application/zip;charset=UTF-8","1970-01-20 06:47:07"
"15.05.2023","24.03.2023","11","EAS code list","false","2023-03-24 15:30:53.318","https://ec.europa.eu/digital-building-blocks/sites/download/attachments/467108974/Electronic%20Address%20Scheme%20Code%20list%20-%20version%2011%20-%20published%20March2023.xlsx?version=1&modificationDate=1679671853318&api=v2","Electronic%20Address%20Scheme%20Code%20list%20-%20version%2011%20-%20published%20March2023.xlsx","XLSX","17962","application/vnd.openxmlformats-officedocument.spreadsheetml.sheet;charset=UTF-8","1970-01-20 10:34:31"
"15.05.2023","24.03.2023","11","EN 16931 code list - GeneriCode","false","2023-03-24 15:47:21.310","https://ec.europa.eu/digital-building-blocks/sites/download/attachments/467108974/cef-genericodes-2023-05-15.zip?version=1&modificationDate=1679672841310&api=v2","cef-genericodes-2023-05-15.zip","ZIP","73629","application/zip;charset=UTF-8","1970-01-20 10:34:32"
"15.05.2023","24.03.2023","11","EN 16931 code list - XLSX","false","2023-03-24 15:35:02.082","https://ec.europa.eu/digital-building-blocks/sites/download/attachments/467108974/EN16931%20code%20lists%20values%20v11%20-%20used%20from%202023-05-15.xlsx?version=1&modificationDate=1679672102082&api=v2","EN16931%20code%20lists%20values%20v11%20-%20used%20from%202023-05-15.xlsx","XLSX","179801","application/vnd.openxmlformats-officedocument.spreadsheetml.sheet;charset=UTF-8","1970-01-20 10:34:32"
"15.05.2023","11.04.2023","1.3.10","validation-artefacts-CII","false","2023-04-11 15:38:44.047","https://ec.europa.eu/digital-building-blocks/sites/download/attachments/467108974/en16931-cii-1.3.10.zip?version=1&modificationDate=1681227524047&api=v2","en16931-cii-1.3.10.zip","ZIP","142212","application/zip;charset=UTF-8","1970-01-20 11:00:27"
"15.05.2023","11.04.2023","1.3.10","validation-artefacts-UBL","false","2023-04-11 15:39:12.843","https://ec.europa.eu/digital-building-blocks/sites/download/attachments/467108974/en16931-ubl-1.3.10.zip?version=1&modificationDate=1681227552843&api=v2","en16931-ubl-1.3.10.zip","ZIP","173612","application/zip;charset=UTF-8","1970-01-20 11:00:27"
"15.11.2023","06.10.2023","12","EAS code list","false","2023-10-06 16:04:02.789","https://ec.europa.eu/digital-building-blocks/sites/download/attachments/467108974/Electronic%20Address%20Scheme%20Code%20list%20-%20version%2012%20-%20published%20Sept2023.xlsx?version=1&modificationDate=1696608242789&api=v2","Electronic%20Address%20Scheme%20Code%20list%20-%20version%2012%20-%20published%20Sept2023.xlsx","XLSX","18060","application/vnd.openxmlformats-officedocument.spreadsheetml.sheet;charset=UTF-8","1970-01-20 15:16:48"
"15.11.2023","06.10.2023","12","EN 16931 code list - XLSX","false","2023-10-06 16:05:52.344","https://ec.europa.eu/digital-building-blocks/sites/download/attachments/467108974/EN16931%20code%20lists%20values%20v12%20-%20used%20from%202023-11-15.xlsx?version=1&modificationDate=1696608352344&api=v2","EN16931%20code%20lists%20values%20v12%20-%20used%20from%202023-11-15.xlsx","XLSX","179757","application/vnd.openxmlformats-officedocument.spreadsheetml.sheet;charset=UTF-8","1970-01-20 15:16:48"
"15.11.2023","06.10.2023","1.3.11","validation-artefacts-CII","false","2023-10-06 16:10:34.008","https://ec.europa.eu/digital-building-blocks/sites/download/attachments/467108974/en16931-cii-1.3.11.zip?version=1&modificationDate=1696608634008&api=v2","en16931-cii-1.3.11.zip","ZIP","142700","application/zip;charset=UTF-8","1970-01-20 15:16:48"
"15.11.2023","06.10.2023","1.3.11","validation-artefacts-UBL","false","2023-10-06 16:10:12.864","https://ec.europa.eu/digital-building-blocks/sites/download/attachments/467108974/en16931-ubl-1.3.11.zip?version=1&modificationDate=1696608612864&api=v2","en16931-ubl-1.3.11.zip","ZIP","173601","application/zip;charset=UTF-8","1970-01-20 15:16:48"
"15.05.2024","12.04.2024","13","EN 16931 code list - GeneriCode","false","2024-04-12 11:22:39.271","https://ec.europa.eu/digital-building-blocks/sites/download/attachments/467108974/cef-genericodes-2024-05-15.zip?version=1&modificationDate=1712920959271&api=v2","cef-genericodes-2024-05-15.zip","ZIP","70029","application/zip;charset=UTF-8","1970-01-20 19:48:40"
"15.05.2024","12.04.2024","13","EN 16931 code list - XLSX","false","2024-04-12 15:51:49.681","https://ec.europa.eu/digital-building-blocks/sites/download/attachments/467108974/EN16931%20code%20lists%20values%20v13%20-%20used%20from%202024-05-15.xlsx?version=2&modificationDate=1712937109681&api=v2","EN16931%20code%20lists%20values%20v13%20-%20used%20from%202024-05-15.xlsx","XLSX","180293","application/vnd.openxmlformats-officedocument.spreadsheetml.sheet;charset=UTF-8","1970-01-20 19:48:57"
"15.05.2024","12.04.2024","5","VATEX code list","false","2024-04-12 11:15:15.435","https://ec.europa.eu/digital-building-blocks/sites/download/attachments/467108974/VAT%20Exemption%20Reason%20Code%20list%20VATEX%20-%20version%205%20-published.xlsx?version=1&modificationDate=1712920515435&api=v2","VAT%20Exemption%20Reason%20Code%20list%20VATEX%20-%20version%205%20-published.xlsx","XLSX","20028","application/vnd.openxmlformats-officedocument.spreadsheetml.sheet;charset=UTF-8","1970-01-20 19:48:40"
"15.05.2024","12.04.2024","1.3.12","validation-artefacts-CII","false","2024-04-12 13:52:39.908","https://ec.europa.eu/digital-building-blocks/sites/download/attachments/467108974/en16931-cii-1.3.12.zip?version=1&modificationDate=1712929959908&api=v2","en16931-cii-1.3.12.zip","ZIP","150919","application/zip;charset=UTF-8","1970-01-20 19:48:49"
"15.05.2024","12.04.2024","1.3.12","validation-artefacts-UBL","false","2024-04-12 13:52:05.314","https://ec.europa.eu/digital-building-blocks/sites/download/attachments/467108974/en16931-ubl-1.3.12.zip?version=1&modificationDate=1712929925314&api=v2","en16931-ubl-1.3.12.zip","ZIP","173510","application/zip;charset=UTF-8","1970-01-20 19:48:49"
"","","1","guidance","false","2024-07-16 08:05:25.403","https://ec.europa.eu/digital-building-blocks/sites/download/attachments/467108974/eInvoicing%20technical%20guidance%20document_v1.pdf?version=2&modificationDate=1721117125403&api=v2","eInvoicing%20technical%20guidance%20document_v1.pdf","PDF","350870","application/pdf;charset=UTF-8","1970-01-20 22:05:17"
"15.11.2024","01.10.2024","13","EAS code list","false","2024-10-01 07:36:27.346","https://ec.europa.eu/digital-building-blocks/sites/download/attachments/467108974/Electronic%20Address%20Scheme%20Code%20list%20-%20version%2013%20-%20published%20Sept2024.xlsx?version=1&modificationDate=1727768187346&api=v2","Electronic%20Address%20Scheme%20Code%20list%20-%20version%2013%20-%20published%20Sept2024.xlsx","XLSX","18185","application/vnd.openxmlformats-officedocument.spreadsheetml.sheet;charset=UTF-8","1970-01-20 23:56:08"
"15.11.2024","01.10.2024","14","EN 16931 code list - GeneriCode","false","2024-10-01 07:45:06.150","https://ec.europa.eu/digital-building-blocks/sites/download/attachments/467108974/cef-genericodes-2024-11-15.zip?version=1&modificationDate=1727768706150&api=v2","cef-genericodes-2024-11-15.zip","ZIP","70260","application/zip;charset=UTF-8","1970-01-20 23:56:08"
"15.11.2024","01.10.2024","14","EN 16931 code list - XLSX","false","2024-10-03 09:23:47.578","https://ec.europa.eu/digital-building-blocks/sites/download/attachments/467108974/EN16931%20code%20lists%20values%20v14%20-%20used%20from%202024-11-15.xlsx?version=1&modificationDate=1727947427578&api=v2","EN16931%20code%20lists%20values%20v14%20-%20used%20from%202024-11-15.xlsx","XLSX","180864","application/vnd.openxmlformats-officedocument.spreadsheetml.sheet;charset=UTF-8","1970-01-20 23:59:07"
"15.11.2024","01.10.2024","6","VATEX code list","false","2024-10-01 07:43:50.472","https://ec.europa.eu/digital-building-blocks/sites/download/attachments/467108974/VAT%20Exemption%20Reason%20Code%20list%20VATEX%20-%20version%206%20-draft.xlsx?version=2&modificationDate=1727768630472&api=v2","VAT%20Exemption%20Reason%20Code%20list%20VATEX%20-%20version%206%20-draft.xlsx","XLSX","20156","application/vnd.openxmlformats-officedocument.spreadsheetml.sheet;charset=UTF-8","1970-01-20 23:56:08"
"15.11.2024","08.10.2024","1.3.13","validation-artefacts-CII","false","2024-10-09 10:46:03.669","https://ec.europa.eu/digital-building-blocks/sites/download/attachments/467108974/en16931-cii-1.3.13.zip?version=1&modificationDate=1728470763669&api=v2","en16931-cii-1.3.13.zip","ZIP","221620","application/zip;charset=UTF-8","1970-01-21 00:07:50"
"15.11.2024","08.10.2024","1.3.13","validation-artefacts-UBL","false","2024-10-09 10:45:51.124","https://ec.europa.eu/digital-building-blocks/sites/download/attachments/467108974/en16931-ubl-1.3.13.zip?version=1&modificationDate=1728470751124&api=v2","en16931-ubl-1.3.13.zip","ZIP","2649513","application/zip;charset=UTF-8","1970-01-21 00:07:50"
"15.05.2025","04.04.2025","14","EAS code list","false","2025-04-04 15:13:05.417","https://ec.europa.eu/digital-building-blocks/sites/download/attachments/467108974/Electronic%20Address%20Scheme%20Code%20list%20-%20version%2014%20-%20published%20Apr2025.xlsx?version=1&modificationDate=1743779585417&api=v2","Electronic%20Address%20Scheme%20Code%20list%20-%20version%2014%20-%20published%20Apr2025.xlsx","XLSX","18444","application/vnd.openxmlformats-officedocument.spreadsheetml.sheet;charset=UTF-8","1970-01-21 04:22:59"
"15.05.2025","04.04.2025","15","EN 16931 code list - GeneriCode","false","2025-04-04 15:17:18.035","https://ec.europa.eu/digital-building-blocks/sites/download/attachments/467108974/cef-genericodes-2025-05-15.zip?version=1&modificationDate=1743779838035&api=v2","cef-genericodes-2025-05-15.zip","ZIP","70615","application/zip;charset=UTF-8","1970-01-21 04:22:59"
"15.05.2025","04.04.2025","15","EN 16931 code list - XLSX","false","2025-04-04 15:16:07.614","https://ec.europa.eu/digital-building-blocks/sites/download/attachments/467108974/EN16931%20code%20lists%20values%20v15%20-%20used%20from%202025-05-15.xlsx?version=1&modificationDate=1743779767614&api=v2","EN16931%20code%20lists%20values%20v15%20-%20used%20from%202025-05-15.xlsx","XLSX","183868","application/vnd.openxmlformats-officedocument.spreadsheetml.sheet;charset=UTF-8","1970-01-21 04:22:59"
"15.05.2025","04.04.2025","7","VATEX code list","false","2025-04-04 15:14:37.211","https://ec.europa.eu/digital-building-blocks/sites/download/attachments/467108974/VAT%20Exemption%20Reason%20Code%20list%20VATEX%20-%20version%207.xlsx?version=1&modificationDate=1743779677211&api=v2","VAT%20Exemption%20Reason%20Code%20list%20VATEX%20-%20version%207.xlsx","XLSX","22604","application/vnd.openxmlformats-officedocument.spreadsheetml.sheet;charset=UTF-8","1970-01-21 04:22:59"
"15.05.2025","04.04.2025","1.3.14","validation-artefacts-CII","false","2025-04-04 15:20:50.861","https://ec.europa.eu/digital-building-blocks/sites/download/attachments/467108974/en16931-cii-1.3.14.zip?version=1&modificationDate=1743780050861&api=v2","en16931-cii-1.3.14.zip","ZIP","296069","application/zip;charset=UTF-8","1970-01-21 04:23:00"
"15.05.2025","04.04.2025","1.3.14","validation-artefacts-UBL","false","2025-04-04 15:20:36.510","https://ec.europa.eu/digital-building-blocks/sites/download/attachments/467108974/en16931-ubl-1.3.14.zip?version=1&modificationDate=1743780036510&api=v2","en16931-ubl-1.3.14.zip","ZIP","148470","application/zip;charset=UTF-8","1970-01-21 04:23:00"
"15.11.2025","23.10.2025","15","EAS code list","true","2025-10-23 13:29:29.199","https://ec.europa.eu/digital-building-blocks/sites/download/attachments/467108974/Electronic%20Address%20Scheme%20Code%20list%20-%20version%2015%20-%20published%20Oct2025.xlsx?version=1&modificationDate=1761226169199&api=v2","Electronic%20Address%20Scheme%20Code%20list%20-%20version%2015%20-%20published%20Oct2025.xlsx","XLSX","18480","application/vnd.openxmlformats-officedocument.spreadsheetml.sheet;charset=UTF-8","1970-01-21 09:13:46"
"15.11.2025","23.10.2025","1.3.15","EN 16931 code list - GeneriCode","true","2025-10-23 13:31:33.400","https://ec.europa.eu/digital-building-blocks/sites/download/attachments/467108974/digital-genericodes-2025-11-15.zip?version=1&modificationDate=1761226293400&api=v2","digital-genericodes-2025-11-15.zip","ZIP","71071","application/zip;charset=UTF-8","1970-01-21 09:13:46"
"15.11.2025","23.10.2025","16","EN 16931 code list - XLSX","true","2025-10-23 13:30:29.087","https://ec.europa.eu/digital-building-blocks/sites/download/attachments/467108974/EN16931%20code%20lists%20values%20v16%20-%20used%20from%202025-11-15.xlsx?version=1&modificationDate=1761226229087&api=v2","EN16931%20code%20lists%20values%20v16%20-%20used%20from%202025-11-15.xlsx","XLSX","183843","application/vnd.openxmlformats-officedocument.spreadsheetml.sheet;charset=UTF-8","1970-01-21 09:13:46"
"15.11.2025","23.10.2025","8","VATEX code list","true","2025-10-23 13:29:59.796","https://ec.europa.eu/digital-building-blocks/sites/download/attachments/467108974/VAT%20Exemption%20Reason%20Code%20list%20VATEX%20-%20version%208.xlsx?version=1&modificationDate=1761226199796&api=v2","VAT%20Exemption%20Reason%20Code%20list%20VATEX%20-%20version%208.xlsx","XLSX","22692","application/vnd.openxmlformats-officedocument.spreadsheetml.sheet;charset=UTF-8","1970-01-21 09:13:46"
"15.11.2025","23.10.2025","1.3.15","validation-artefacts-CII","true","2025-10-23 13:35:15.610","https://ec.europa.eu/digital-building-blocks/sites/download/attachments/467108974/en16931-cii-1.3.15.zip?version=1&modificationDate=1761226515610&api=v2","en16931-cii-1.3.15.zip","ZIP","222468","application/zip;charset=UTF-8","1970-01-21 09:13:46"
